{
  "addTodo" : {
    "_id" : "wm-addTodo-wm.LiveVariable-1479114586446",
    "name" : "addTodo",
    "owner" : "Page",
    "category" : "wm.LiveVariable",
    "dataBinding" : [ ],
    "operation" : "read",
    "dataSet" : [ ],
    "type" : "Todo",
    "isList" : true,
    "saveInPhonegap" : false,
    "maxResults" : 20,
    "designMaxResults" : 10,
    "inFlightBehavior" : "executeLast",
    "startUpdate" : true,
    "autoUpdate" : true,
    "transformationRequired" : false,
    "liveSource" : "ToDo",
    "ignoreCase" : true,
    "matchMode" : "start",
    "propertiesMap" : {
      "columns" : [ {
        "fieldName" : "id",
        "type" : "integer",
        "fullyQualifiedType" : "integer",
        "columnName" : "ID",
        "isPrimaryKey" : true,
        "notNull" : true,
        "length" : 0,
        "precision" : 10,
        "generator" : "identity",
        "isRelated" : false,
        "defaultValue" : "",
        "scale" : 0
      }, {
        "fieldName" : "title",
        "type" : "string",
        "fullyQualifiedType" : "string",
        "columnName" : "TITLE",
        "isPrimaryKey" : false,
        "notNull" : false,
        "length" : 255,
        "precision" : 0,
        "generator" : "assigned",
        "isRelated" : false,
        "defaultValue" : "",
        "scale" : 0
      }, {
        "fieldName" : "description",
        "type" : "string",
        "fullyQualifiedType" : "string",
        "columnName" : "DESCRIPTION",
        "isPrimaryKey" : false,
        "notNull" : false,
        "length" : 255,
        "precision" : 0,
        "generator" : "assigned",
        "isRelated" : false,
        "defaultValue" : "",
        "scale" : 0
      }, {
        "fieldName" : "isCompleted",
        "type" : "integer",
        "fullyQualifiedType" : "integer",
        "columnName" : "IS_COMPLETED",
        "isPrimaryKey" : false,
        "notNull" : false,
        "length" : 0,
        "precision" : 10,
        "generator" : "assigned",
        "isRelated" : false,
        "defaultValue" : "",
        "scale" : 0
      }, {
        "fieldName" : "userId",
        "type" : "string",
        "fullyQualifiedType" : "string",
        "columnName" : "USER_ID",
        "isPrimaryKey" : false,
        "notNull" : false,
        "length" : 255,
        "precision" : 0,
        "generator" : "assigned",
        "isRelated" : false,
        "defaultValue" : "",
        "scale" : 0
      } ],
      "entityName" : "Todo",
      "fullyQualifiedName" : "com.todo.todo.Todo",
      "tableType" : "TABLE",
      "primaryFields" : [ "id" ]
    },
    "isDefault" : true,
    "bindCount" : 1,
    "tableName" : "TODO",
    "tableType" : "TABLE",
    "properties" : [ ],
    "relatedTables" : [ ],
    "package" : "com.todo.todo.Todo"
  },
  "completedTodoS" : {
    "_id" : "wm-completedTodoS-wm.LiveVariable-1479113778141",
    "name" : "completedTodoS",
    "owner" : "Page",
    "category" : "wm.LiveVariable",
    "dataBinding" : [ {
      "target" : "isCompleted",
      "value" : 1,
      "type" : "number"
    }, {
      "target" : "userId",
      "value" : "bind:Variables.loggedInUser.dataSet.id",
      "type" : "string"
    } ],
    "operation" : "read",
    "dataSet" : [ ],
    "type" : "Todo",
    "isList" : false,
    "saveInPhonegap" : false,
    "maxResults" : 20,
    "designMaxResults" : 10,
    "inFlightBehavior" : "executeLast",
    "startUpdate" : true,
    "autoUpdate" : true,
    "transformationRequired" : false,
    "liveSource" : "ToDo",
    "ignoreCase" : true,
    "matchMode" : "start",
    "orderBy" : "id desc",
    "propertiesMap" : {
      "columns" : [ {
        "fieldName" : "id",
        "type" : "integer",
        "fullyQualifiedType" : "integer",
        "columnName" : "ID",
        "isPrimaryKey" : true,
        "notNull" : true,
        "length" : 0,
        "precision" : 10,
        "generator" : "identity",
        "isRelated" : false,
        "defaultValue" : "",
        "scale" : 0
      }, {
        "fieldName" : "title",
        "type" : "string",
        "fullyQualifiedType" : "string",
        "columnName" : "TITLE",
        "isPrimaryKey" : false,
        "notNull" : false,
        "length" : 255,
        "precision" : 0,
        "generator" : "assigned",
        "isRelated" : false,
        "defaultValue" : "",
        "scale" : 0
      }, {
        "fieldName" : "description",
        "type" : "string",
        "fullyQualifiedType" : "string",
        "columnName" : "DESCRIPTION",
        "isPrimaryKey" : false,
        "notNull" : false,
        "length" : 255,
        "precision" : 0,
        "generator" : "assigned",
        "isRelated" : false,
        "defaultValue" : "",
        "scale" : 0
      }, {
        "fieldName" : "isCompleted",
        "type" : "integer",
        "fullyQualifiedType" : "integer",
        "columnName" : "IS_COMPLETED",
        "isPrimaryKey" : false,
        "notNull" : false,
        "length" : 0,
        "precision" : 10,
        "generator" : "assigned",
        "isRelated" : false,
        "defaultValue" : "",
        "scale" : 0
      }, {
        "fieldName" : "userId",
        "type" : "string",
        "fullyQualifiedType" : "string",
        "columnName" : "USER_ID",
        "isPrimaryKey" : false,
        "notNull" : false,
        "length" : 255,
        "precision" : 0,
        "generator" : "assigned",
        "isRelated" : false,
        "defaultValue" : "",
        "scale" : 0
      } ],
      "entityName" : "Todo",
      "fullyQualifiedName" : "com.todo.todo.Todo",
      "tableType" : "TABLE",
      "primaryFields" : [ "id" ]
    },
    "bindCount" : 2,
    "tableName" : "TODO",
    "tableType" : "TABLE",
    "properties" : [ ],
    "relatedTables" : [ ],
    "filterFields" : { },
    "package" : "com.todo.todo.Todo"
  },
  "errorToast" : {
    "_id" : "wm-errorToast-wm.NotificationVariable-1479117543778",
    "name" : "errorToast",
    "owner" : "Page",
    "category" : "wm.NotificationVariable",
    "dataBinding" : [ {
      "target" : "content",
      "value" : "inline",
      "type" : "list"
    }, {
      "target" : "text",
      "value" : "Call Failed",
      "type" : "string"
    }, {
      "target" : "class",
      "value" : "Error",
      "type" : "list"
    } ],
    "operation" : "toast"
  },
  "markAsComplete" : {
    "_id" : "wm-markAsComplete-wm.LiveVariable-1479115372710",
    "name" : "markAsComplete",
    "owner" : "Page",
    "category" : "wm.LiveVariable",
    "dataBinding" : [ {
      "target" : "id",
      "value" : "bind:Widgets.livelist2.selecteditem.id",
      "type" : "number"
    }, {
      "target" : "title",
      "value" : "bind:Widgets.livelist2.selecteditem.title",
      "type" : "string"
    }, {
      "target" : "description",
      "value" : "bind:Widgets.livelist2.selecteditem.description",
      "type" : "string"
    }, {
      "target" : "isCompleted",
      "value" : 1,
      "type" : "number"
    }, {
      "target" : "userId",
      "value" : "bind:Variables.loggedInUser.dataSet.id",
      "type" : "string"
    } ],
    "operation" : "update",
    "dataSet" : [ ],
    "type" : "Todo",
    "isList" : false,
    "saveInPhonegap" : false,
    "maxResults" : 20,
    "designMaxResults" : 10,
    "onSuccess" : "Variables.todosToComplete.listRecords();Variables.completedTodoS.listRecords()",
    "onError" : "Variables.errorToast.invoke()",
    "inFlightBehavior" : "executeLast",
    "startUpdate" : false,
    "autoUpdate" : false,
    "transformationRequired" : false,
    "liveSource" : "ToDo",
    "ignoreCase" : true,
    "matchMode" : "start",
    "propertiesMap" : {
      "columns" : [ {
        "fieldName" : "id",
        "type" : "integer",
        "fullyQualifiedType" : "integer",
        "columnName" : "ID",
        "isPrimaryKey" : true,
        "notNull" : true,
        "length" : 0,
        "precision" : 10,
        "generator" : "identity",
        "isRelated" : false,
        "defaultValue" : "",
        "scale" : 0
      }, {
        "fieldName" : "title",
        "type" : "string",
        "fullyQualifiedType" : "string",
        "columnName" : "TITLE",
        "isPrimaryKey" : false,
        "notNull" : false,
        "length" : 255,
        "precision" : 0,
        "generator" : "assigned",
        "isRelated" : false,
        "defaultValue" : "",
        "scale" : 0
      }, {
        "fieldName" : "description",
        "type" : "string",
        "fullyQualifiedType" : "string",
        "columnName" : "DESCRIPTION",
        "isPrimaryKey" : false,
        "notNull" : false,
        "length" : 255,
        "precision" : 0,
        "generator" : "assigned",
        "isRelated" : false,
        "defaultValue" : "",
        "scale" : 0
      }, {
        "fieldName" : "isCompleted",
        "type" : "integer",
        "fullyQualifiedType" : "integer",
        "columnName" : "IS_COMPLETED",
        "isPrimaryKey" : false,
        "notNull" : false,
        "length" : 0,
        "precision" : 10,
        "generator" : "assigned",
        "isRelated" : false,
        "defaultValue" : "",
        "scale" : 0
      }, {
        "fieldName" : "userId",
        "type" : "string",
        "fullyQualifiedType" : "string",
        "columnName" : "USER_ID",
        "isPrimaryKey" : false,
        "notNull" : false,
        "length" : 255,
        "precision" : 0,
        "generator" : "assigned",
        "isRelated" : false,
        "defaultValue" : "",
        "scale" : 0
      } ],
      "entityName" : "Todo",
      "fullyQualifiedName" : "com.todo.todo.Todo",
      "tableType" : "TABLE",
      "primaryFields" : [ "id" ]
    },
    "tableName" : "TODO",
    "tableType" : "TABLE",
    "properties" : [ ],
    "relatedTables" : [ ],
    "filterFields" : { },
    "inputFields" : { },
    "package" : "com.todo.todo.Todo"
  },
  "todosToComplete" : {
    "_id" : "wm-todosToComplete-wm.LiveVariable-1479113732022",
    "name" : "todosToComplete",
    "owner" : "Page",
    "category" : "wm.LiveVariable",
    "dataBinding" : [ {
      "target" : "isCompleted",
      "value" : 0,
      "type" : "number"
    }, {
      "target" : "userId",
      "value" : "bind:Variables.loggedInUser.dataSet.id",
      "type" : "string"
    } ],
    "operation" : "read",
    "dataSet" : [ ],
    "type" : "Todo",
    "isList" : false,
    "saveInPhonegap" : false,
    "maxResults" : 20,
    "designMaxResults" : 10,
    "inFlightBehavior" : "executeLast",
    "startUpdate" : true,
    "autoUpdate" : true,
    "transformationRequired" : false,
    "liveSource" : "ToDo",
    "ignoreCase" : true,
    "matchMode" : "start",
    "orderBy" : "id desc",
    "propertiesMap" : {
      "columns" : [ {
        "fieldName" : "id",
        "type" : "integer",
        "fullyQualifiedType" : "integer",
        "columnName" : "ID",
        "isPrimaryKey" : true,
        "notNull" : true,
        "length" : 0,
        "precision" : 10,
        "generator" : "identity",
        "isRelated" : false,
        "defaultValue" : "",
        "scale" : 0
      }, {
        "fieldName" : "title",
        "type" : "string",
        "fullyQualifiedType" : "string",
        "columnName" : "TITLE",
        "isPrimaryKey" : false,
        "notNull" : false,
        "length" : 255,
        "precision" : 0,
        "generator" : "assigned",
        "isRelated" : false,
        "defaultValue" : "",
        "scale" : 0
      }, {
        "fieldName" : "description",
        "type" : "string",
        "fullyQualifiedType" : "string",
        "columnName" : "DESCRIPTION",
        "isPrimaryKey" : false,
        "notNull" : false,
        "length" : 255,
        "precision" : 0,
        "generator" : "assigned",
        "isRelated" : false,
        "defaultValue" : "",
        "scale" : 0
      }, {
        "fieldName" : "isCompleted",
        "type" : "integer",
        "fullyQualifiedType" : "integer",
        "columnName" : "IS_COMPLETED",
        "isPrimaryKey" : false,
        "notNull" : false,
        "length" : 0,
        "precision" : 10,
        "generator" : "assigned",
        "isRelated" : false,
        "defaultValue" : "",
        "scale" : 0
      }, {
        "fieldName" : "userId",
        "type" : "string",
        "fullyQualifiedType" : "string",
        "columnName" : "USER_ID",
        "isPrimaryKey" : false,
        "notNull" : false,
        "length" : 255,
        "precision" : 0,
        "generator" : "assigned",
        "isRelated" : false,
        "defaultValue" : "",
        "scale" : 0
      } ],
      "entityName" : "Todo",
      "fullyQualifiedName" : "com.todo.todo.Todo",
      "tableType" : "TABLE",
      "primaryFields" : [ "id" ]
    },
    "bindCount" : 2,
    "tableName" : "TODO",
    "tableType" : "TABLE",
    "properties" : [ ],
    "relatedTables" : [ ],
    "filterFields" : { },
    "package" : "com.todo.todo.Todo"
  }
}