{
  "appInfo" : {
    "_id" : "wm-getAppInfo-wm.DeviceVariable-1444134876543",
    "name" : "appInfo",
    "owner" : "App",
    "category" : "wm.DeviceVariable",
    "dataBinding" : [ ],
    "service" : "device",
    "operation" : "getAppInfo",
    "dataSet" : {
      "appversion" : "X.X.X",
      "cordovaversion" : "X.X.X"
    },
    "startUpdate" : true
  },
  "appNotification" : {
    "_id" : "wm-appErrorHandler-wm.NotificationVariable-1454664620943",
    "name" : "appNotification",
    "owner" : "App",
    "category" : "wm.NotificationVariable",
    "dataBinding" : [ {
      "target" : "class",
      "value" : "Error",
      "type" : "list"
    }, {
      "target" : "toasterPosition",
      "value" : "bottom right",
      "type" : "list"
    } ],
    "operation" : "toast"
  },
  "deviceInfo" : {
    "_id" : "wm-deviceInfo-getDeviceInfo-wm.DeviceVariable-1444134852623",
    "name" : "deviceInfo",
    "owner" : "App",
    "category" : "wm.DeviceVariable",
    "dataBinding" : [ ],
    "service" : "device",
    "operation" : "getDeviceInfo",
    "dataSet" : {
      "os" : "DEVICEOS",
      "osVersion" : "X.X.X",
      "deviceModel" : "DEVICEMODEL",
      "connectionType" : "NONE",
      "deviceUUID" : "DEVICEUUID"
    },
    "startUpdate" : true
  },
  "goToPage_Main" : {
    "_id" : "wm-wm.NavigationVariable1389180517517",
    "name" : "goToPage_Main",
    "owner" : "App",
    "category" : "wm.NavigationVariable",
    "operation" : "gotoPage",
    "pageName" : "Main"
  },
  "loggedInUser" : {
    "_id" : "wm-loggedInUser-wm.Variable-1480412201112",
    "name" : "loggedInUser",
    "owner" : "App",
    "category" : "wm.Variable",
    "dataBinding" : [ ],
    "dataSet" : {
      "isSecurityEnabled" : true,
      "roles" : [ ],
      "name" : "",
      "tenantId" : "",
      "id" : "",
      "isAuthenticated" : false
    },
    "type" : "string",
    "isList" : false,
    "saveInPhonegap" : false
  },
  "loginAction" : {
    "_id" : "wm-loginVariable-wm.LoginVariable-1480412201110",
    "name" : "loginAction",
    "owner" : "App",
    "category" : "wm.LoginVariable",
    "dataBinding" : [ {
      "target" : "username",
      "value" : "bind:Widgets.usernametext.datavalue",
      "type" : "string"
    }, {
      "target" : "password",
      "value" : "bind:Widgets.passwordtext.datavalue",
      "type" : "string"
    }, {
      "target" : "rememberme",
      "value" : "bind:Widgets.remembermecheck.datavalue",
      "type" : "boolean"
    } ],
    "dataSet" : {
      "password" : "",
      "rememberme" : false,
      "username" : ""
    },
    "type" : "string",
    "saveInPhonegap" : false,
    "onError" : "loginVariableonError($event, $s)",
    "startUpdate" : false,
    "autoUpdate" : false,
    "inFlightBehavior" : "executeLast",
    "transformationRequired" : false,
    "useDefaultSuccessHandler" : true
  },
  "logoutAction" : {
    "_id" : "wm-logoutVariable-wm.LogoutVariable-1480412201112",
    "name" : "logoutAction",
    "owner" : "App",
    "category" : "wm.LogoutVariable",
    "type" : "string",
    "saveInPhonegap" : false,
    "inFlightBehavior" : "executeLast",
    "transformationRequired" : false,
    "redirectTo" : "Login",
    "useDefaultSuccessHandler" : true
  },
  "supportedLocale" : {
    "_id" : "wm-wm.Variable1402640443182",
    "name" : "supportedLocale",
    "owner" : "App",
    "category" : "wm.Variable",
    "dataSet" : {
      "en" : "English"
    },
    "type" : "string",
    "isList" : false,
    "saveInPhonegap" : false
  }
}