{
  "description" : "ToDo",
  "draft" : false,
  "name" : "ToDo",
  "packageName" : "com.todo.todo",
  "tables" : [ {
    "catalog" : "ToDo",
    "columns" : [ {
      "columnValue" : {
        "insertable" : true,
        "updatable" : true,
        "defaultValue" : "",
        "type" : "user-defined"
      },
      "constraintList" : null,
      "fieldName" : "id",
      "foreignKey" : false,
      "generatorType" : "identity",
      "generatorValue" : null,
      "javaType" : "integer",
      "length" : 0,
      "name" : "ID",
      "nullable" : false,
      "oldName" : "ID",
      "partOfAnyRelation" : false,
      "partOfForeignKey" : false,
      "partOfPrimaryKey" : true,
      "partOfUniqueKey" : true,
      "precision" : 10,
      "primaryKey" : true,
      "scale" : 0,
      "sequenceSchema" : null,
      "sqlType" : "number",
      "unique" : true
    }, {
      "columnValue" : {
        "insertable" : true,
        "updatable" : true,
        "defaultValue" : "",
        "type" : "user-defined"
      },
      "constraintList" : null,
      "fieldName" : "title",
      "foreignKey" : false,
      "generatorType" : "assigned",
      "generatorValue" : null,
      "javaType" : "string",
      "length" : 255,
      "name" : "TITLE",
      "nullable" : true,
      "oldName" : "TITLE",
      "partOfAnyRelation" : false,
      "partOfForeignKey" : false,
      "partOfPrimaryKey" : false,
      "partOfUniqueKey" : false,
      "precision" : 0,
      "primaryKey" : false,
      "scale" : 0,
      "sequenceSchema" : null,
      "sqlType" : "string",
      "unique" : false
    }, {
      "columnValue" : {
        "insertable" : true,
        "updatable" : true,
        "defaultValue" : "",
        "type" : "user-defined"
      },
      "constraintList" : null,
      "fieldName" : "description",
      "foreignKey" : false,
      "generatorType" : "assigned",
      "generatorValue" : null,
      "javaType" : "string",
      "length" : 255,
      "name" : "DESCRIPTION",
      "nullable" : true,
      "oldName" : "DESCRIPTION",
      "partOfAnyRelation" : false,
      "partOfForeignKey" : false,
      "partOfPrimaryKey" : false,
      "partOfUniqueKey" : false,
      "precision" : 0,
      "primaryKey" : false,
      "scale" : 0,
      "sequenceSchema" : null,
      "sqlType" : "string",
      "unique" : false
    }, {
      "columnValue" : {
        "insertable" : true,
        "updatable" : true,
        "defaultValue" : "",
        "type" : "user-defined"
      },
      "constraintList" : null,
      "fieldName" : "isCompleted",
      "foreignKey" : false,
      "generatorType" : "assigned",
      "generatorValue" : null,
      "javaType" : "integer",
      "length" : 0,
      "name" : "IS_COMPLETED",
      "nullable" : true,
      "oldName" : "IS_COMPLETED",
      "partOfAnyRelation" : false,
      "partOfForeignKey" : false,
      "partOfPrimaryKey" : false,
      "partOfUniqueKey" : false,
      "precision" : 10,
      "primaryKey" : false,
      "scale" : 0,
      "sequenceSchema" : null,
      "sqlType" : "number",
      "unique" : false
    }, {
      "columnValue" : {
        "insertable" : true,
        "updatable" : true,
        "defaultValue" : "",
        "type" : "user-defined"
      },
      "constraintList" : null,
      "fieldName" : "userId",
      "foreignKey" : false,
      "generatorType" : "assigned",
      "generatorValue" : null,
      "javaType" : "string",
      "length" : 255,
      "name" : "USER_ID",
      "nullable" : true,
      "oldName" : "USER_ID",
      "partOfAnyRelation" : false,
      "partOfForeignKey" : false,
      "partOfPrimaryKey" : false,
      "partOfUniqueKey" : false,
      "precision" : 0,
      "primaryKey" : false,
      "scale" : 0,
      "sequenceSchema" : null,
      "sqlType" : "string",
      "unique" : false
    } ],
    "constraints" : [ ],
    "entityName" : "Todo",
    "fullyQualifiedName" : "com.todo.todo.Todo",
    "name" : "TODO",
    "oldName" : "TODO",
    "primaryKey" : {
      "columns" : [ "ID" ],
      "composite" : false,
      "generator" : {
        "generatorType" : "identity",
        "generatorValue" : null,
        "schemaName" : null
      },
      "name" : "PRIMARY",
      "virtual" : false
    },
    "relations" : [ ],
    "schema" : null,
    "type" : "TABLE"
  } ]
}